protoPayload.ip,protoPayload.startTime,protoPayload.endTime,protoPayload.latency,protoPayload.method,protoPayload.resource,protoPayload.httpVersion,protoPayload.status,protoPayload.host,protoPayload.userAgent,httpRequest.status,,,,,,,,,,,,,,,,,,,,
82.102.202.255,2018-12-30T11:56:43.715483Z,2018-12-30T11:56:43.716745Z,0.001262s,DELETE,/api/palscan/delete/1,HTTP/1.1,404,palscanpro.appspot.com,,404,,,,,,,,,,,,,,,,,,,,
82.102.202.255,2018-12-30T11:51:47.878564Z,2018-12-30T11:51:47.879493Z,0.000929s,POST,/api/palscan/upload,HTTP/1.1,404,palscanpro.appspot.com,,404,,,,,,,,,,,,,,,,,,,,
82.102.202.255,2018-12-30T11:51:20.353308Z,2018-12-30T11:51:20.354402Z,0.001094s,GET,/api/palscan/place,HTTP/1.1,404,palscanpro.appspot.com,,404,,,,,,,,,,,,,,,,,,,,
82.102.202.255,2018-12-30T11:50:49.392218Z,2018-12-30T11:50:49.392952Z,0.000734s,POST,/api/palscan/coordinate,HTTP/1.1,404,palscanpro.appspot.com,,404,,,,,,,,,,,,,,,,,,,,
82.102.202.255,2018-12-30T11:50:18.419345Z,2018-12-30T11:50:18.420167Z,0.000822s,GET,/api/palscan/delete/1,HTTP/1.1,404,palscanpro.appspot.com,,404,,,,,,,,,,,,,,,,,,,,
82.102.202.255,2018-12-30T11:50:02.054912Z,2018-12-30T11:50:02.055760Z,0.000848s,GET,/api/palscan/quality/1,HTTP/1.1,404,palscanpro.appspot.com,,404,,,,,,,,,,,,,,,,,,,,
82.102.202.255,2018-12-30T11:49:40.933074Z,2018-12-30T11:49:40.934531Z,0.001457s,GET,/api/palscan/scan,HTTP/1.1,404,palscanpro.appspot.com,,404,,,,,,,,,,,,,,,,,,,,
82.102.202.255,2018-12-30T11:49:29.633598Z,2018-12-30T11:49:29.634906Z,0.001308s,GET,/api/palscan/scan,HTTP/1.1,404,palscanpro.appspot.com,,404,,,,,,,,,,,,,,,,,,,,
82.102.202.255,2018-12-30T11:47:37.725730Z,2018-12-30T11:47:42.515864Z,4.790134s,GET,/,HTTP/1.1,404,palscanpro.appspot.com,Mozilla/5.0 (Windows NT 6.2; Win64; x64; Trident/7.0; rv:11.0) like Gecko,404,,,,,,,,,,,,,,,,,,,,
